Cluster Index,Region:Probability,
cluster_00001,
cluster_00002,
cluster_00003,
cluster_00004,'251:0.997436','5001:0.856410','5002:0.825641','4025:0.769231','3010:0.764103','4010:0.761538','3025:0.728205','4008:0.571795','3008:0.474359','4029:0.430769','3029:0.400000','3011:0.358974','2008:0.317949','4011:0.312821','4:0.271795','3009:0.251282','1008:0.235897','1011:0.230769','1029:0.215385','3007:0.205128','2029:0.200000','2011:0.200000','1009:0.192308','4009:0.182051','43:0.179487','2009:0.174359','4013:0.148718','4007:0.148718','0:0.146154','3013:0.135897','1007:0.135897','4021:0.133333','3021:0.112821','4005:0.100000','2007:0.094872','3015:0.089744','3005:0.082051','2025:0.076923','4015:0.076923','31:0.074359','2015:0.064103','1005:0.061538','63:0.056410','1015:0.051282','3001:0.048718','2010:0.048718','2005:0.046154','1025:0.035897','2021:0.030769','1021:0.023077','4001:0.020513','1010:0.015385','2:0.012821','8:0.012821','41:0.012821','1031:0.005128','3031:0.005128','2013:0.005128','1013:0.002564','1001:0.002564','2031:0.002564','2000:0.002564','2001:0.002564','4023:0.002564','1030:0.002564','77:0.002564',
cluster_00005,
cluster_00006,
cluster_00007,
cluster_00008,
cluster_00009,'4025:0.996266','251:0.989544','3025:0.979089','4010:0.935026','3010:0.933532','3029:0.835698','4029:0.704257','1029:0.690067','2029:0.658701','3005:0.575803','4005:0.509335','5001:0.454070','5002:0.358476','3021:0.340553','4021:0.327110','2005:0.296490','1005:0.238984','2025:0.224048','0:0.152353','3011:0.141897','4011:0.123226','3013:0.120239','3008:0.115011','4:0.097834','2010:0.094100','1011:0.079164','1025:0.074683','4008:0.073189','4013:0.058999','2011:0.058999','1010:0.055265','2008:0.050784','1008:0.049291','43:0.038835','2021:0.028379','31:0.020911','1021:0.014937','41:0.009709','63:0.007468','2013:0.006721','1000:0.005975','2:0.005975','1013:0.004481','2000:0.002987','77:0.002987','3007:0.000747','17:0.000747','4007:0.000747',
cluster_00010,
cluster_00011,
cluster_00012,
cluster_00013,
cluster_00014,
cluster_00015,
cluster_00016,
cluster_00017,
cluster_00018,
cluster_00019,
cluster_00020,
cluster_00021,
cluster_00022,
cluster_00023,
cluster_00024,
cluster_00025,
cluster_00026,
cluster_00027,
cluster_00028,
cluster_00029,
cluster_00030,
cluster_00031,
cluster_00032,
cluster_00033,
cluster_00034,'251:0.973267','5001:0.938614','4010:0.801980','5002:0.783168','3010:0.774257','4025:0.635644','3009:0.529703','3025:0.453465','1009:0.430693','4029:0.356436','4009:0.323762','2025:0.313861','2029:0.303960','3029:0.291089','3001:0.273267','2009:0.259406','3008:0.226733','3015:0.225743','3007:0.209901','4008:0.200990','1029:0.197030','4015:0.188119','1025:0.187129','4:0.181188','4007:0.151485','0:0.140594','4001:0.126733','1015:0.109901','43:0.100990','3013:0.098020','2015:0.098020','2010:0.083168','4013:0.080198','4023:0.075248','1007:0.070297','1008:0.059406','4017:0.059406','3011:0.058416','2008:0.058416','2007:0.049505','3030:0.046535','3031:0.046535','1010:0.045545','4011:0.036634','3023:0.035644','31:0.023762','4031:0.020792','8:0.017822','63:0.015842','4016:0.014851','1011:0.011881','2011:0.011881','3017:0.011881','4022:0.009901','2000:0.008911','1005:0.007921','41:0.006931','4030:0.006931','2:0.006931','2022:0.006931','252:0.006931','1001:0.005941','1031:0.005941','3005:0.004950','2001:0.004950','3035:0.004950','2013:0.004950','47:0.003960','49:0.003960','3021:0.003960','10:0.002970','2005:0.002970','50:0.002970','2017:0.002970','1000:0.002970','4024:0.001980','1022:0.001980','4021:0.001980','2023:0.001980','2030:0.001980','2031:0.001980','4005:0.001980','3022:0.001980','1021:0.001980','53:0.000990','1030:0.000990','1013:0.000990','1023:0.000990','4035:0.000990','17:0.000990',
cluster_00035,
cluster_00036,
cluster_00037,
cluster_00038,
cluster_00039,
cluster_00040,
cluster_00041,'5002:1.000000','5001:1.000000','251:0.907652','3010:0.655233','3030:0.618294','4010:0.604222','3001:0.583113','4:0.533861','4030:0.532102','4001:0.502199','3009:0.467898','4031:0.454705','2030:0.449428','43:0.449428','3015:0.441513','4015:0.405453','1009:0.372032','1030:0.361478','4023:0.306948','3031:0.301671','4009:0.293755','1015:0.288478','2015:0.284960','3035:0.253298','3023:0.233069','2009:0.204925','4035:0.187335','4034:0.182058','3007:0.177661','4008:0.116095','3008:0.110818','4007:0.102023','252:0.099384','3034:0.095866','0:0.080915','3013:0.068602','31:0.056288','63:0.054529','4016:0.052770','1001:0.051891','4013:0.046614','2031:0.043975','2001:0.043096','4025:0.041337','1031:0.036060','3016:0.034301','3025:0.029024','3011:0.021108','10:0.015831','2010:0.015831','2034:0.012313','2008:0.010554','50:0.008795','1007:0.008795','1034:0.008795','1035:0.008795','4011:0.007916','2035:0.007036','53:0.007036','11:0.006157','2023:0.006157','41:0.005277','51:0.004398','17:0.004398','1010:0.004398','2007:0.003518','1008:0.003518','2:0.003518','49:0.003518','4017:0.003518','1023:0.003518','1011:0.002639','4029:0.002639','1016:0.002639','8:0.002639','1022:0.002639','2022:0.001759','1024:0.000880','2024:0.000880','3022:0.000880','5:0.000880','2013:0.000880','3029:0.000880','2000:0.000880','44:0.000880','1025:0.000880',
cluster_00042,
cluster_00043,
cluster_00044,
cluster_00045,
cluster_00046,
cluster_00047,'251:0.998480','5001:0.899696','5002:0.852584','4010:0.829787','3010:0.752280','4025:0.702128','3025:0.624620','3029:0.582067','4029:0.563830','3008:0.506079','4008:0.495441','1008:0.489362','2008:0.489362','2025:0.320669','1025:0.287234','1029:0.261398','2029:0.256839','0:0.100304','4:0.077508','3031:0.048632','2010:0.041033','4023:0.036474','1031:0.027356','3011:0.022796','1011:0.022796','4031:0.018237','43:0.013678','2005:0.013678','2031:0.010638','4011:0.010638','2011:0.009119','1005:0.009119','2:0.007599','4017:0.006079','4005:0.006079','3023:0.004559','1015:0.004559','1010:0.004559','3005:0.004559','63:0.003040','1000:0.003040','3015:0.003040','3001:0.003040','1021:0.001520','2000:0.001520','2015:0.001520','1001:0.001520','4013:0.001520','31:0.001520','41:0.001520','3009:0.001520','77:0.001520','4015:0.001520','2023:0.001520',
cluster_00048,
cluster_00049,
cluster_00050,
cluster_00051,
cluster_00052,
cluster_00053,'251:0.995609','4025:0.967069','3025:0.938529','4010:0.893524','3010:0.856202','3029:0.722283','4029:0.659715','1029:0.642151','5001:0.641054','2029:0.613611','5002:0.507135','2025:0.439078','1025:0.278814','3008:0.184413','3005:0.159166','0:0.129528','1008:0.127333','4008:0.121844','2008:0.109769','1005:0.093304','4005:0.082327','2010:0.079034','4:0.061471','2005:0.052689','1010:0.037322','3021:0.032931','3011:0.026345','4021:0.023052','1011:0.017563','4011:0.015368','43:0.015368','2011:0.013172','4023:0.013172','3013:0.012075','41:0.007684','2000:0.006586','1000:0.006586','4013:0.005488','31:0.005488','63:0.004391','2:0.003293','4031:0.002195','1021:0.002195','77:0.002195','2023:0.002195','1013:0.001098','49:0.001098','4017:0.001098','3007:0.001098','2031:0.001098','2021:0.001098','2013:0.001098','4035:0.001098','3035:0.001098',
cluster_00054,
cluster_00055,
cluster_00056,
cluster_00057,'251:0.934189','3010:0.885233','5001:0.883628','4010:0.796148','5002:0.762440','4025:0.449438','3025:0.441413','3029:0.362761','3030:0.337079','4030:0.334671','3015:0.300963','2025:0.285714','4015:0.271268','1025:0.268860','4029:0.256822','4023:0.255217','1029:0.248796','43:0.243981','2029:0.235152','3023:0.223917','3009:0.223917','2015:0.207865','2030:0.205457','4035:0.198234','1015:0.197432','4001:0.195827','3001:0.187801','4031:0.160514','4:0.155698','1030:0.155698','4009:0.147673','4017:0.133226','0:0.130016','1009:0.123596','3007:0.122793','4034:0.111557','3035:0.109149','2010:0.093900','3034:0.091493','2009:0.085875','3031:0.080257','3017:0.072231','4007:0.069021','63:0.065811','1010:0.065811','3013:0.050562','4016:0.045746','3008:0.039326','31:0.032905','4013:0.032905','252:0.029695','2035:0.028892','3016:0.025682','1008:0.023274','1022:0.023274','4008:0.021669','1035:0.020867','41:0.020064','4022:0.020064','3022:0.020064','2022:0.019262','2034:0.018459','2008:0.016854','53:0.013644','51:0.012039','2023:0.011236','2000:0.009631','2017:0.008828','1023:0.008026','1000:0.008026','2:0.007223','49:0.007223','12:0.006421','1034:0.006421','3024:0.004815','5:0.004815','1031:0.004013','1007:0.004013','17:0.004013','1017:0.004013','10:0.003210','1005:0.003210','4024:0.002408','2024:0.002408','3005:0.002408','2001:0.001605','2031:0.001605','3011:0.001605','1001:0.001605','1024:0.001605','50:0.000803','18:0.000803','3014:0.000803','3021:0.000803','2007:0.000803','1021:0.000803',
cluster_00058,'251:0.984871','4025:0.927383','3025:0.848714','4010:0.833585','5001:0.812405','3010:0.792738','5002:0.701967','3011:0.485628','3021:0.478064','4029:0.462935','3029:0.408472','1011:0.391831','2029:0.354009','2025:0.317700','4021:0.288956','4011:0.245083','1029:0.225416','4:0.222390','3013:0.222390','3008:0.207262','2011:0.205749','0:0.190620','4013:0.169440','1025:0.163389','3005:0.152799','4005:0.151286','4008:0.136157','3007:0.130106','2005:0.122542','2008:0.104387','1005:0.104387','1021:0.102874','43:0.098336','2021:0.084720','2010:0.071104','1008:0.063540','31:0.060514','1013:0.060514','4007:0.051437','1010:0.043873','63:0.039334','2013:0.034796','1007:0.027231','41:0.015129','3009:0.013616','2:0.010590','8:0.009077','1000:0.006051','4031:0.004539','2000:0.004539','2007:0.004539','17:0.003026','4023:0.003026','3031:0.003026','47:0.003026','49:0.003026','2031:0.001513','4017:0.001513','4035:0.001513','77:0.001513','252:0.001513',
cluster_00059,
cluster_00060,
cluster_00061,
cluster_00062,
cluster_00063,'251:0.994934','4025:0.961499','4010:0.942249','3010:0.938197','3025:0.920973','3021:0.876393','4021:0.863222','5001:0.637285','3011:0.581560','4005:0.545086','5002:0.517730','3013:0.493414','3029:0.468085','1011:0.449848','4011:0.438703','4013:0.437690','3005:0.411348','2005:0.360689','4:0.358663','2011:0.335360','4029:0.320162','2021:0.272543','2029:0.246201','1005:0.237082','1029:0.221884','1021:0.218845','43:0.192503','0:0.151976','63:0.117528','31:0.105370','1013:0.084093','2010:0.062817','2013:0.062817','3008:0.062817','2025:0.045593','1010:0.032421','3007:0.032421','4007:0.024316','1025:0.012158','4008:0.012158','2:0.009119','41:0.007092','8:0.003040','3009:0.002026','1008:0.002026','1007:0.002026','2000:0.001013','77:0.001013','2008:0.001013',
cluster_00064,
cluster_00065,
cluster_00066,
cluster_00067,
cluster_00068,
cluster_00069,'251:0.990342','4025:0.944688','3010:0.930641','4010:0.920983','3025:0.859526','3021:0.748025','4021:0.597893','5001:0.522388','3013:0.507463','4005:0.469710','4029:0.462687','2029:0.436348','5002:0.428446','3029:0.420544','3005:0.417032','3011:0.364355','4013:0.359087','2005:0.319579','4:0.311677','1029:0.290606','1005:0.278314','1011:0.240562','1021:0.230026','4011:0.228270','0:0.198420','2021:0.188762','2025:0.165935','2011:0.156277','1013:0.149254','43:0.143108','31:0.106234','2010:0.101844','2013:0.086918','1010:0.074627','3007:0.073749','63:0.070237','1025:0.048288','4007:0.044776','3008:0.042142','4008:0.033363','2:0.023705','2008:0.018437','41:0.014047','1008:0.010536','1007:0.010536','8:0.009658','2000:0.007902','2007:0.006146','1000:0.004390','77:0.002634','10:0.001756','3009:0.001756','47:0.000878','3016:0.000878','49:0.000878','24:0.000878','17:0.000878','16:0.000878','4015:0.000878',
cluster_00070,'251:0.975976','4010:0.822823','3010:0.810811','4025:0.783784','5001:0.765766','5002:0.678679','3025:0.660661','3007:0.438438','4013:0.429429','3013:0.405405','4:0.405405','4007:0.405405','3029:0.366366','4029:0.363363','2029:0.342342','1007:0.327327','1029:0.321321','43:0.309309','2007:0.291291','3009:0.246246','0:0.228228','4005:0.213213','4021:0.195195','3011:0.195195','4011:0.192192','3005:0.192192','4009:0.162162','2005:0.159159','3008:0.156156','3021:0.147147','2025:0.144144','1009:0.135135','4008:0.114114','1005:0.105105','2009:0.096096','2011:0.096096','31:0.087087','63:0.078078','1025:0.072072','47:0.072072','8:0.069069','2013:0.063063','2010:0.057057','1010:0.054054','1011:0.045045','2008:0.039039','1013:0.033033','1008:0.033033','2021:0.030030','2:0.027027','4015:0.027027','1021:0.021021','41:0.015015','2015:0.015015','3015:0.015015','1015:0.015015','1000:0.015015','46:0.012012','3001:0.009009','4001:0.006006','7:0.006006','17:0.006006','3016:0.003003','77:0.003003','49:0.003003','2000:0.003003',
cluster_00071,
cluster_00072,
cluster_00073,
cluster_00074,'251:0.985663','4010:0.903226','3010:0.891278','4:0.787336','43:0.725209','5002:0.692951','5001:0.679809','31:0.299881','63:0.238949','4013:0.156511','3013:0.146953','0:0.146953','4025:0.120669','3025:0.119474','2010:0.064516','1010:0.058542','2:0.052569','3008:0.043011','41:0.040621','3007:0.035842','2013:0.034648','3009:0.027479','2025:0.023895','17:0.021505','4007:0.020311','1025:0.017921','4008:0.016726','3029:0.016726','49:0.015532','53:0.015532','1013:0.014337','1016:0.013142','1007:0.013142','2007:0.011947','3021:0.010753','3016:0.009558','3011:0.007168','4009:0.005974','4016:0.005974','2016:0.005974','1000:0.005974','4023:0.004779','4011:0.004779','10:0.004779','3001:0.003584','1009:0.003584','252:0.003584','4001:0.003584','2000:0.002389','3030:0.002389','1008:0.002389','4021:0.002389','4029:0.002389','1021:0.002389','4005:0.001195','2005:0.001195','3015:0.001195','3031:0.001195','2008:0.001195','2009:0.001195','2015:0.001195','4031:0.001195',
cluster_00075,
cluster_00076,
cluster_00077,
cluster_00078,
cluster_00079,
cluster_00080,
cluster_00081,
cluster_00082,
cluster_00083,
cluster_00084,
cluster_00085,
cluster_00086,
cluster_00087,'251:0.993865','4021:0.911043','3021:0.898773','4010:0.865031','4025:0.852761','3010:0.851227','5002:0.776074','5001:0.773006','3025:0.750000','3011:0.745399','4013:0.700920','3013:0.684049','4:0.664110','4011:0.651840','1011:0.590491','2011:0.562883','2021:0.460123','43:0.412577','1021:0.308282','63:0.305215','31:0.223926','1013:0.216258','2013:0.202454','3007:0.184049','4007:0.168712','0:0.164110','4005:0.153374','2005:0.113497','3029:0.102761','3005:0.096626','1005:0.085890','3008:0.065951','4029:0.064417','2010:0.038344','2025:0.038344','4008:0.035276','1010:0.030675','2:0.030675','1029:0.018405','2007:0.018405','1025:0.016871','2029:0.012270','1007:0.012270','41:0.010736','1008:0.007669','77:0.006135','8:0.006135','3009:0.004601','17:0.004601','10:0.001534','1000:0.001534','53:0.001534','3016:0.001534','2000:0.001534','47:0.001534','2008:0.001534',
cluster_00088,
cluster_00089,
cluster_00090,
cluster_00091,
cluster_00092,'251:0.987931','4010:0.850000','3010:0.829310','4025:0.718966','5001:0.708621','3013:0.700000','5002:0.682759','4013:0.677586','4021:0.639655','4:0.627586','3025:0.594828','3021:0.593103','3011:0.479310','43:0.405172','4011:0.387931','3007:0.379310','2011:0.324138','4007:0.300000','1011:0.296552','2021:0.270690','0:0.244828','1007:0.224138','63:0.215517','1021:0.205172','1013:0.201724','31:0.189655','2013:0.181034','4005:0.179310','2007:0.174138','2005:0.151724','3005:0.124138','1005:0.122414','3029:0.110345','4008:0.094828','3008:0.093103','4029:0.089655','3009:0.079310','2010:0.072414','4009:0.065517','1010:0.048276','2:0.046552','2025:0.046552','8:0.046552','2008:0.044828','2009:0.043103','2029:0.039655','1029:0.037931','41:0.036207','1009:0.027586','1025:0.024138','47:0.024138','1008:0.022414','4015:0.018966','17:0.012069','2015:0.008621','77:0.006897','2000:0.006897','1015:0.005172','1000:0.005172','3015:0.003448','46:0.001724','7:0.001724','49:0.001724','53:0.001724','10:0.001724','3001:0.001724',
cluster_00093,
cluster_00094,
cluster_00095,
cluster_00096,
cluster_00097,
cluster_00098,
cluster_00099,
cluster_00100,
cluster_00101,
cluster_00102,
cluster_00103,
cluster_00104,
cluster_00105,
cluster_00106,
cluster_00107,
cluster_00108,
cluster_00109,
cluster_00110,'16:1.000000','46:1.000000','7:0.998445','8:0.987558','47:0.981337','0:0.107309','1007:0.001555',
cluster_00111,'7:1.000000','16:1.000000','46:1.000000','47:0.925170','8:0.904762','0:0.102041','15:0.024943','2007:0.004535','1007:0.002268','4007:0.002268',
cluster_00112,
cluster_00113,
cluster_00114,
cluster_00115,'7:1.000000','16:1.000000','46:1.000000','47:0.991441','8:0.984308','0:0.199715','1007:0.001427',
cluster_00116,
cluster_00117,
cluster_00118,
cluster_00119,
cluster_00120,
cluster_00121,
cluster_00122,
cluster_00123,
cluster_00124,
cluster_00125,
cluster_00126,
cluster_00127,
cluster_00128,
cluster_00129,
cluster_00130,
cluster_00131,
cluster_00132,
cluster_00133,
cluster_00134,
cluster_00135,
cluster_00136,
cluster_00137,
cluster_00138,
cluster_00139,
cluster_00140,
cluster_00141,
cluster_00142,
cluster_00143,'16:1.000000','28:0.250198','60:0.212985','15:0.147268','0:0.127870','8:0.081552','47:0.075218','10:0.055424','24:0.053840','14:0.051465','49:0.045131','46:0.041172','7:0.026524','5001:0.012668','5002:0.012668','17:0.000792','53:0.000792','1016:0.000792','2016:0.000792','18:0.000396','1000:0.000396','4016:0.000396','4035:0.000396',
cluster_00144,
cluster_00145,'16:1.000000','47:0.537815','46:0.537815','28:0.515406','7:0.469188','8:0.462185','60:0.449580','5001:0.432773','5002:0.362745','13:0.334734','52:0.312325','12:0.166667','51:0.131653','0:0.099440','4035:0.064426','10:0.054622','17:0.047619','49:0.037815','3014:0.033613','53:0.026611','3035:0.023810','18:0.014006','15:0.012605','54:0.011204','11:0.009804','1035:0.008403','3006:0.008403','1007:0.007003','2035:0.005602','3007:0.004202','1016:0.004202','2007:0.004202','4006:0.002801','2016:0.002801','1006:0.002801','30:0.002801','1000:0.002801','14:0.002801','50:0.002801','44:0.002801','3016:0.002801','4007:0.001401','4030:0.001401','4012:0.001401','31:0.001401','2030:0.001401','2011:0.001401','2000:0.001401','1013:0.001401','85:0.001401','3011:0.001401','62:0.001401',
cluster_00146,
cluster_00147,'16:0.998551','0:0.164493','7:0.119565','8:0.117391','46:0.094928','47:0.076812','15:0.045652','60:0.023188','28:0.017391','5002:0.001449',
cluster_00148,
cluster_00149,
cluster_00150,
cluster_00151,
cluster_00152,
cluster_00153,
cluster_00154,
cluster_00155,
cluster_00156,
cluster_00157,
cluster_00158,
cluster_00159,
cluster_00160,
cluster_00161,
cluster_00162,
cluster_00163,
cluster_00164,'5001:0.996587','5002:0.994881','251:0.916382','3010:0.645051','4:0.624573','3007:0.604096','4010:0.604096','3009:0.587031','3030:0.554608','4015:0.532423','43:0.529010','4009:0.503413','3015:0.489761','4030:0.489761','4007:0.399317','2015:0.390785','1009:0.366894','4001:0.348123','31:0.303754','2009:0.302048','63:0.293515','4035:0.266212','3001:0.262799','1015:0.254266','2030:0.244027','1030:0.238908','53:0.215017','3035:0.208191','17:0.201365','4031:0.191126','3013:0.184300','4016:0.177474','3016:0.156997','4023:0.134812','0:0.133106','1033:0.129693','41:0.122867','1007:0.122867','4013:0.114334','3031:0.112628','3033:0.100683','3023:0.078498','4008:0.075085','2033:0.073379','4025:0.073379','2:0.069966','252:0.068259','4034:0.066553','49:0.066553','5:0.061433','2007:0.058020','3008:0.058020','3006:0.056314','4033:0.052901','10:0.049488','3025:0.046075','2035:0.035836','1001:0.035836','44:0.035836','1035:0.029010','51:0.029010','2010:0.027304','3034:0.023891','2001:0.022184','4006:0.022184','3011:0.018771','28:0.017065','1010:0.017065','60:0.015358','2006:0.013652','54:0.011945','1023:0.011945','24:0.011945','1006:0.010239','2016:0.010239','2023:0.010239','12:0.008532','1016:0.008532','18:0.008532','2012:0.006826','4011:0.006826','30:0.005119','2008:0.005119','2000:0.005119','1014:0.005119','3014:0.005119','4029:0.003413','8:0.003413','4012:0.003413','1012:0.003413','3029:0.003413','2031:0.003413','2025:0.003413','1008:0.003413','3012:0.003413','52:0.001706','62:0.001706','4017:0.001706','85:0.001706','2034:0.001706','1000:0.001706','2013:0.001706','1013:0.001706','26:0.001706',
cluster_00165,
cluster_00166,
cluster_00167,
cluster_00168,
cluster_00169,
cluster_00170,
cluster_00171,
cluster_00172,
cluster_00173,
cluster_00174,
cluster_00175,
cluster_00176,
cluster_00177,
cluster_00178,
cluster_00179,
cluster_00180,
cluster_00181,
cluster_00182,
cluster_00183,
cluster_00184,
cluster_00185,
cluster_00186,
cluster_00187,
cluster_00188,
cluster_00189,
cluster_00190,
cluster_00191,
cluster_00192,
cluster_00193,
cluster_00194,
cluster_00195,
cluster_00196,
cluster_00197,
cluster_00198,
cluster_00199,
cluster_00200,
cluster_00201,
cluster_00202,
cluster_00203,
cluster_00204,
cluster_00205,
cluster_00206,
cluster_00207,
cluster_00208,
cluster_00209,
cluster_00210,
cluster_00211,
cluster_00212,
cluster_00213,
cluster_00214,
cluster_00215,
cluster_00216,
cluster_00217,
cluster_00218,
cluster_00219,
cluster_00220,
cluster_00221,
cluster_00222,
cluster_00223,
cluster_00224,
cluster_00225,
cluster_00226,
cluster_00227,
cluster_00228,
cluster_00229,
cluster_00230,
cluster_00231,
cluster_00232,
cluster_00233,
cluster_00234,
cluster_00235,
cluster_00236,
cluster_00237,
cluster_00238,
cluster_00239,
cluster_00240,
cluster_00241,
cluster_00242,
cluster_00243,
cluster_00244,
cluster_00245,
cluster_00246,
cluster_00247,
cluster_00248,
cluster_00249,
cluster_00250,
cluster_00251,'5001:0.975175','5002:0.921645','4023:0.892164','3023:0.785881','3024:0.783553','4024:0.703646','253:0.664856','1024:0.643134','2024:0.593483','252:0.373157','4:0.369279','4028:0.347556','3028:0.324282','2028:0.300233','1028:0.280062','3003:0.216447','4017:0.174554','4003:0.157486','43:0.150504','4002:0.134988','3017:0.102405','2017:0.078355','1017:0.060512','3002:0.051978','11:0.051978','0:0.050427','2003:0.049651','1022:0.030256','1003:0.030256','4022:0.027153','2022:0.026377','50:0.022498','3022:0.022498','31:0.018619','3010:0.013964','2023:0.013189','63:0.010861','3035:0.008534','1023:0.004655','4035:0.003103','2002:0.003103','4010:0.002327','49:0.002327','10:0.002327','3031:0.001552','2:0.001552','2000:0.001552','1000:0.001552','3025:0.000776','3029:0.000776','1010:0.000776','3018:0.000776','1018:0.000776','4018:0.000776','1025:0.000776','1027:0.000776','3027:0.000776',
cluster_00252,'4002:0.969620','3002:0.936709','4028:0.906329','3028:0.850633','254:0.807595','2028:0.769620','1028:0.716456','5001:0.612658','5002:0.298734','3027:0.275949','255:0.189873','2002:0.189873','4027:0.131646','0:0.126582','1027:0.108861','2027:0.075949','3003:0.048101','4:0.045570','1002:0.043038','4026:0.035443','3026:0.035443','1026:0.030380','2026:0.025316','3023:0.022785','3010:0.020253','2000:0.012658','43:0.010127','11:0.010127','1000:0.010127','1003:0.007595','41:0.007595','50:0.007595','3035:0.007595','4003:0.007595','4035:0.005063','3014:0.005063','2003:0.005063','2:0.002532','31:0.002532','253:0.002532','3020:0.002532','3018:0.002532',
cluster_00253,'5001:1.000000','5002:0.994778','254:0.933420','4002:0.851175','3002:0.654047','3018:0.621410','4018:0.610966','1018:0.574413','2018:0.526110','3003:0.468668','4027:0.390339','3027:0.385117','4003:0.361619','4:0.289817','3035:0.231070','2027:0.228460','1027:0.204961','4035:0.193211','1003:0.181462','43:0.177546','2003:0.163185','4024:0.131854','4020:0.110966','2024:0.099217','4028:0.095300','11:0.093995','50:0.071802','0:0.067885','253:0.067885','2020:0.067885','3020:0.062663','1024:0.057441','3024:0.053525','1020:0.033943','3028:0.032637','3023:0.020888','1035:0.013055','3010:0.011749','255:0.009138','2035:0.007833','1030:0.006527','2030:0.005222','1028:0.002611','51:0.002611','4023:0.002611','2002:0.002611','2022:0.002611','1022:0.001305','41:0.001305','31:0.001305','4030:0.001305',
cluster_00254,
cluster_00255,
cluster_00256,
cluster_00257,
cluster_00258,'4023:0.989461','3023:0.964871','5001:0.839578','4017:0.656909','5002:0.617096','3028:0.616511','252:0.580211','3024:0.541569','4028:0.531616','3017:0.472482','253:0.468384','1028:0.422717','2028:0.415691','4024:0.389930','2017:0.378806','1024:0.315574','1017:0.288642','2024:0.282787','4:0.112998','2023:0.045082','3003:0.038056','0:0.036885','43:0.035129','4002:0.026347','1023:0.021663','3010:0.016393','11:0.012295','31:0.007026','2003:0.006440','4003:0.005855','4035:0.003513','3002:0.002927','2000:0.002927','63:0.002342','1003:0.001756','1025:0.001171','4025:0.001171','2025:0.001171','2002:0.001171','50:0.000585','10:0.000585','3022:0.000585','1022:0.000585','1000:0.000585','49:0.000585',
cluster_00259,
cluster_00260,
cluster_00261,
cluster_00262,
cluster_00263,'254:0.974977','5001:0.956441','4002:0.938832','5002:0.839666','3002:0.828545','4028:0.721038','3028:0.529194','2028:0.526413','3003:0.485635','1028:0.456905','1003:0.353105','4003:0.345690','3027:0.322521','2003:0.302132','4027:0.299351','2027:0.215014','1027:0.198332','4:0.105653','43:0.049120','0:0.041705','3023:0.034291','11:0.025023','253:0.024096','50:0.020389','2002:0.018536','3010:0.011121','1018:0.007414','2024:0.006487','3018:0.006487','4018:0.006487','2018:0.006487','255:0.004634','4020:0.003707','4024:0.002780','2020:0.002780','3024:0.002780','1002:0.002780','4023:0.001854','1024:0.001854','31:0.001854','2000:0.001854','3020:0.000927','3035:0.000927','1000:0.000927',
cluster_00264,'5001:0.978300','5002:0.898734','4002:0.830922','253:0.727848','3002:0.704340','4028:0.655515','3003:0.588608','4003:0.509042','3028:0.495479','2028:0.494575','1028:0.446655','1003:0.431284','2003:0.423146','254:0.307414','3023:0.251356','4023:0.216998','4:0.170886','3024:0.142857','4024:0.130199','1024:0.129295','2024:0.085895','43:0.051537','0:0.048825','4027:0.037975','2027:0.023508','3027:0.018083','11:0.017179','50:0.012658','3010:0.008137','2002:0.006329','1027:0.005425','4018:0.004521','1002:0.004521','2000:0.002712','3018:0.002712','1023:0.002712','1018:0.001808','2023:0.001808','3035:0.000904','4017:0.000904','2022:0.000904','77:0.000904','1022:0.000904','3017:0.000904','2017:0.000904','4035:0.000904','1017:0.000904','2018:0.000904',
cluster_00265,
cluster_00266,
cluster_00267,
cluster_00268,
cluster_00269,'5001:1.000000','5002:0.995863','253:0.869700','4024:0.823164','3024:0.823164','1024:0.780765','2024:0.734230','4023:0.598759','4003:0.571872','3003:0.558428','3023:0.538780','4:0.401241','4002:0.392968','3002:0.253361','2003:0.216132','1003:0.189245','43:0.160290','252:0.110651','4028:0.099276','3035:0.057911','11:0.048604','254:0.044467','4018:0.041365','2028:0.039297','3028:0.031024','3018:0.028956','0:0.026887','4022:0.024819','3022:0.023785','1018:0.022751','50:0.021717','4035:0.020683','2018:0.018614','1028:0.018614','1022:0.016546','2022:0.008273','4027:0.008273','3010:0.007239','2027:0.007239','31:0.005171','41:0.002068','12:0.002068','4020:0.002068','2020:0.002068','2023:0.002068','1027:0.002068','1035:0.002068','2002:0.002068','4017:0.002068','51:0.001034','63:0.001034','3027:0.001034','4031:0.001034','52:0.001034',
cluster_00270,
cluster_00271,
cluster_00272,'5002:1.000000','5001:1.000000','4024:0.971698','3024:0.955189','2024:0.869104','1024:0.860849','4023:0.787736','253:0.689858','3023:0.637972','4:0.508255','252:0.332547','4003:0.314858','43:0.245283','3035:0.241745','3003:0.238208','4022:0.183962','4002:0.182783','3022:0.133255','4035:0.123821','1022:0.114387','11:0.107311','3002:0.106132','2022:0.097877','4018:0.091981','3018:0.068396','50:0.056604','0:0.048349','1018:0.042453','2018:0.040094','1003:0.027123','31:0.023585','1035:0.020047','2003:0.016509','4028:0.012972','3010:0.011792','1030:0.009434','10:0.008255','63:0.008255','2030:0.007075','51:0.007075','254:0.005896','49:0.005896','3031:0.004717','4031:0.003538','3028:0.003538','2035:0.003538','2023:0.003538','4017:0.002358','12:0.002358','3027:0.001179','1031:0.001179','24:0.001179','2028:0.001179','2000:0.001179','77:0.001179',
cluster_00273,
cluster_00274,
cluster_00275,
cluster_00276,
cluster_00277,
cluster_00278,
cluster_00279,
cluster_00280,
cluster_00281,
cluster_00282,
cluster_00283,
cluster_00284,
cluster_00285,
cluster_00286,
cluster_00287,
cluster_00288,
cluster_00289,
cluster_00290,
cluster_00291,
cluster_00292,
cluster_00293,
cluster_00294,
cluster_00295,
cluster_00296,
cluster_00297,
cluster_00298,
cluster_00299,
cluster_00300,
cluster_00301,
cluster_00302,
cluster_00303,
cluster_00304,
cluster_00305,
cluster_00306,'5001:0.964037','4002:0.883991','5002:0.863109','254:0.825986','3002:0.769142','4028:0.482599','3018:0.458237','1018:0.428074','2028:0.404872','3028:0.400232','4018:0.399072','1028:0.382831','3003:0.373550','2018:0.341067','4003:0.237819','4:0.207657','3035:0.206497','4035:0.193735','253:0.187935','1003:0.136891','2003:0.134571','43:0.131090','4027:0.112529','3027:0.105568','4024:0.104408','11:0.084687','0:0.069606','2027:0.064965','2024:0.063805','3024:0.056845','50:0.055684','3023:0.053364','4020:0.045244','1024:0.040603','2020:0.039443','1027:0.035963','3020:0.030162','1020:0.027842','1030:0.015081','4023:0.013921','2002:0.012761','1035:0.010441','2035:0.009281','3010:0.009281','63:0.005800','31:0.004640','4022:0.003480','2000:0.003480','3030:0.003480','2030:0.003480','1002:0.003480','1000:0.002320','41:0.002320','1023:0.001160','12:0.001160','4030:0.001160','10:0.001160','51:0.001160',
cluster_00307,
cluster_00308,
cluster_00309,
cluster_00310,
cluster_00311,
cluster_00312,'4002:0.993083','254:0.987154','4028:0.976285','3002:0.960474','3028:0.950593','2028:0.914032','1028:0.888340','5001:0.757905','5002:0.459486','3003:0.139328','3027:0.087945','4027:0.077075','0:0.059289','3023:0.049407','2002:0.041502','1003:0.041502','4003:0.041502','2027:0.034585','1027:0.029644','2003:0.024704','1002:0.017787','3010:0.012846','253:0.008893','4:0.007905','2000:0.005929','1000:0.003953','1023:0.002964','11:0.002964','77:0.001976','50:0.001976','43:0.000988','41:0.000988','4018:0.000988',
cluster_00313,
cluster_00314,
cluster_00315,'253:0.943436','4028:0.935754','3028:0.927374','4023:0.922486','3023:0.917598','5001:0.889665','2028:0.875000','1028:0.837989','5002:0.612430','4002:0.277235','3024:0.221369','3003:0.210196','3002:0.167598','4017:0.152933','4024:0.129888','2017:0.089385','3017:0.079609','252:0.062849','1017:0.059358','1024:0.056564','2023:0.050279','0:0.050279','4003:0.043994','2024:0.031425','2003:0.024441','1023:0.023743','1003:0.023045','4:0.023045','2002:0.008380','2000:0.006983','43:0.006983','3010:0.004190','11:0.003492','4035:0.001397','254:0.000698','63:0.000698','2018:0.000698','41:0.000698','31:0.000698','1002:0.000698','50:0.000698',
cluster_00316,
cluster_00317,
cluster_00318,
cluster_00319,
cluster_00320,
cluster_00321,
cluster_00322,
cluster_00323,'5002:1.000000','5001:1.000000','4023:0.943249','3023:0.874755','252:0.866928','3022:0.675147','4024:0.641879','3024:0.634051','1022:0.575342','4:0.563601','4022:0.563601','2022:0.508806','3031:0.434442','4031:0.397260','3010:0.326810','2024:0.287671','1024:0.262231','43:0.258317','2031:0.219178','1031:0.197652','3035:0.162427','251:0.135029','4010:0.101761','0:0.095890','4035:0.060665','4017:0.054795','3029:0.054795','11:0.043053','4030:0.025440','50:0.025440','2030:0.023483','31:0.021526','4003:0.017613','4029:0.013699','10:0.007828','1035:0.007828','4001:0.005871','63:0.005871','253:0.005871','2023:0.005871','49:0.005871','3003:0.005871','3008:0.003914','1029:0.003914','1030:0.003914','4008:0.003914','1003:0.003914','2029:0.003914','4018:0.001957','2003:0.001957','1008:0.001957','1010:0.001957','3018:0.001957','3017:0.001957','1018:0.001957','2035:0.001957','2028:0.001957','2008:0.001957','3030:0.001957',
cluster_00324,
cluster_00325,
cluster_00326,
cluster_00327,
cluster_00328,
cluster_00329,
cluster_00330,
cluster_00331,'5001:1.000000','5002:0.995033','4002:0.882450','254:0.870861','3003:0.857616','4003:0.789735','3002:0.677152','1003:0.635762','2003:0.597682','4027:0.435430','3027:0.397351','2027:0.316225','4028:0.261589','1027:0.250000','4:0.228477','253:0.155629','43:0.119205','3018:0.102649','1018:0.091060','3028:0.087748','4018:0.069536','11:0.066225','2024:0.057947','50:0.056291','4024:0.054636','2018:0.046358','2028:0.046358','0:0.044702','3024:0.044702','1028:0.036424','1024:0.034768','3023:0.029801','3035:0.014901','4020:0.014901','2020:0.013245','4023:0.008278','4035:0.008278','3010:0.006623','3020:0.006623','1020:0.004967','1023:0.001656','31:0.001656','2002:0.001656','2000:0.001656',
cluster_00332,
cluster_00333,
cluster_00334,
cluster_00335,'5001:0.967742','253:0.809140','5002:0.793011','3023:0.572581','4023:0.534946','4028:0.481183','3035:0.435484','2028:0.408602','12:0.365591','4002:0.327957','3028:0.319892','4:0.309140','43:0.306452','3002:0.303763','51:0.290323','4035:0.287634','1028:0.263441','50:0.263441','1035:0.241935','3003:0.174731','2035:0.174731','11:0.158602','4024:0.126344','3024:0.096774','4003:0.091398','254:0.072581','4017:0.072581','252:0.069892','31:0.067204','1003:0.067204','2024:0.067204','52:0.059140','0:0.056452','2003:0.056452','13:0.053763','63:0.045699','2018:0.040323','4018:0.040323','1024:0.040323','3018:0.040323','10:0.037634','1018:0.037634','2017:0.026882','49:0.016129','2002:0.016129','2023:0.013441','1017:0.010753','3010:0.008065','2012:0.008065','28:0.008065','3030:0.008065','3027:0.008065','60:0.008065','2000:0.008065','62:0.005376','3017:0.005376','2020:0.005376','1030:0.005376','1000:0.002688','1012:0.002688','54:0.002688','4012:0.002688','3014:0.002688','4022:0.002688','18:0.002688','17:0.002688','3012:0.002688','1027:0.002688','3020:0.002688',
cluster_00336,
cluster_00337,
cluster_00338,
cluster_00339,'4028:0.977254','3028:0.971568','2028:0.942323','1028:0.922827','253:0.914703','5001:0.856214','4002:0.813972','3002:0.726239','5002:0.577579','3023:0.506905','4023:0.469537','3003:0.196588','254:0.101543','0:0.056052','4003:0.041430','2003:0.028432','2002:0.026807','2023:0.025183','1003:0.022746','4:0.017872','4024:0.017872','1023:0.015435','3024:0.013810','1002:0.008936','2017:0.008936','2000:0.007311','3010:0.007311','4017:0.006499','3017:0.004062','1017:0.004062','1024:0.003249','43:0.002437','3027:0.001625','252:0.001625','2024:0.000812','4027:0.000812','2027:0.000812',
cluster_00340,
cluster_00341,
cluster_00342,
cluster_00343,'5001:1.000000','5002:0.989316','253:0.790598','4:0.673077','43:0.517094','3027:0.487179','50:0.450855','4027:0.444444','4023:0.438034','11:0.431624','1027:0.399573','4028:0.376068','4024:0.369658','2027:0.348291','3024:0.320513','31:0.318376','3023:0.311966','63:0.305556','3028:0.286325','2024:0.271368','2028:0.258547','1024:0.250000','1028:0.230769','49:0.226496','3003:0.192308','10:0.173077','252:0.162393','3020:0.158120','3035:0.149573','4002:0.126068','4003:0.108974','2003:0.070513','3012:0.068376','3002:0.066239','0:0.057692','1003:0.047009','4017:0.044872','4035:0.023504','4012:0.023504','254:0.021368','4020:0.017094','3017:0.010684','1022:0.008547','3010:0.008547','24:0.008547','3019:0.008547','2022:0.006410','4018:0.006410','4019:0.006410','1012:0.006410','3026:0.006410','3022:0.006410','2012:0.006410','1019:0.006410','4014:0.006410','4022:0.004274','12:0.004274','2019:0.004274','3018:0.004274','2017:0.004274','2032:0.004274','3029:0.002137','1017:0.002137','1020:0.002137','1032:0.002137','51:0.002137','41:0.002137','3014:0.002137','4032:0.002137','3032:0.002137',
cluster_00344,
cluster_00345,
cluster_00346,
cluster_00347,
cluster_00348,
cluster_00349,
cluster_00350,
cluster_00351,'5001:0.952229','5002:0.863057','253:0.863057','4023:0.676221','3023:0.674098','3024:0.585987','4024:0.582803','2024:0.451168','1024:0.436306','3028:0.425690','4002:0.420382','1028:0.412951','4028:0.405520','2028:0.370488','3002:0.302548','3035:0.296178','3003:0.273885','4018:0.220807','4:0.181529','4003:0.180467','3018:0.164544','4035:0.163482','4022:0.144374','1018:0.135881','43:0.133758','2018:0.129512','252:0.106157','11:0.067941','50:0.064756','0:0.062633','254:0.047771','4017:0.046709','3022:0.041401','1003:0.032909','2003:0.031847','3017:0.030786','1017:0.020170','2017:0.019108','2023:0.018047','2022:0.016985','1022:0.016985','31:0.015924','63:0.013800','1035:0.012739','2020:0.010616','2002:0.010616','2030:0.010616','4020:0.010616','10:0.009554','1030:0.007431','3010:0.006369','4027:0.005308','3030:0.005308','1023:0.004246','2035:0.004246','1020:0.004246','2027:0.003185','2000:0.003185','3027:0.003185','4030:0.003185','1027:0.002123','12:0.002123','3020:0.002123','49:0.002123','1002:0.002123','4010:0.001062','1000:0.001062','2034:0.001062','4031:0.001062','2031:0.001062',
cluster_00352,
cluster_00353,
cluster_00354,
cluster_00355,
cluster_00356,
cluster_00357,
cluster_00358,
cluster_00359,
cluster_00360,
cluster_00361,
cluster_00362,
cluster_00363,
cluster_00364,'5001:0.998557','5002:0.982684','254:0.950938','3027:0.896104','4002:0.875902','4027:0.808081','1027:0.733045','3002:0.694084','2027:0.688312','4028:0.393939','3003:0.343434','4003:0.316017','2003:0.222222','4:0.200577','1003:0.180375','3028:0.178932','2028:0.116883','43:0.090909','1028:0.077922','11:0.067821','255:0.056277','0:0.053391','3018:0.050505','1018:0.046176','50:0.041847','3020:0.040404','4018:0.036075','3023:0.023088','4020:0.020202','1020:0.018759','3010:0.017316','2020:0.014430','2018:0.012987','3035:0.004329','31:0.002886','2002:0.002886','63:0.001443','1024:0.001443','2000:0.001443','1002:0.001443',
cluster_00365,
cluster_00366,
cluster_00367,
cluster_00368,
cluster_00369,
cluster_00370,
cluster_00371,
cluster_00372,'4002:0.982818','3002:0.933562','4028:0.930126','254:0.875143','3028:0.864834','2028:0.852234','5001:0.832761','1028:0.759450','5002:0.526919','3027:0.394044','4027:0.217640','1027:0.184422','255:0.145475','2027:0.134021','0:0.057274','3003:0.053837','3023:0.035510','4:0.030928','2003:0.028637','4003:0.028637','1003:0.022910','2002:0.021764','3010:0.008018','4026:0.006873','1000:0.005727','2000:0.004582','43:0.004582','1002:0.004582','77:0.002291','11:0.002291','41:0.001145','50:0.001145',
cluster_00373,
cluster_00374,
cluster_00375,
cluster_00376,'4002:0.990610','4028:0.967919','3002:0.953052','3028:0.940532','2028:0.920970','1028:0.894366','5001:0.838028','254:0.702660','5002:0.584507','253:0.336463','3003:0.236307','4003:0.083725','3023:0.072770','2003:0.063380','1003:0.060250','0:0.053991','2002:0.043818','4023:0.035211','4:0.018779','1002:0.014867','4027:0.013302','3027:0.011737','3010:0.008607','2027:0.006260','43:0.005477','2000:0.004695','1027:0.003912','50:0.002347','3024:0.001565','1023:0.001565','11:0.001565','41:0.000782','3026:0.000782','4024:0.000782','2:0.000782','1024:0.000782',
cluster_00377,
cluster_00378,
cluster_00379,
cluster_00380,
cluster_00381,
cluster_00382,
cluster_00383,
cluster_00384,
cluster_00385,
cluster_00386,
cluster_00387,
cluster_00388,
cluster_00389,
cluster_00390,
cluster_00391,
cluster_00392,
cluster_00393,
cluster_00394,
cluster_00395,
cluster_00396,
cluster_00397,
cluster_00398,
cluster_00399,
cluster_00400,
cluster_00401,
cluster_00402,
cluster_00403,
cluster_00404,'5001:0.937578','4002:0.910112','254:0.843945','5002:0.825218','3002:0.795256','3027:0.529338','4028:0.505618','3028:0.445693','4027:0.425718','2028:0.389513','1028:0.364544','3018:0.362047','4018:0.310861','1018:0.298377','1027:0.234707','2018:0.215980','2027:0.209738','4020:0.204744','3020:0.197253','255:0.176030','2020:0.154806','4:0.151061','3003:0.118602','1020:0.114856','4035:0.106117','3035:0.091136','43:0.088639','0:0.069913','4003:0.068664','11:0.043695','2003:0.043695','1003:0.043695','50:0.033708','3023:0.019975','2002:0.017478','2024:0.009988','3010:0.008739','4024:0.007491','2035:0.006242','63:0.004994','1002:0.004994','2000:0.004994','1019:0.003745','31:0.003745','4030:0.002497','2030:0.002497','3019:0.002497','4012:0.001248','1000:0.001248','1035:0.001248','1024:0.001248','253:0.001248','4019:0.001248',
cluster_00405,
cluster_00406,
cluster_00407,
cluster_00408,
cluster_00409,
cluster_00410,
cluster_00411,'4023:0.972881','252:0.940113','3023:0.928814','5001:0.896045','5002:0.809040','3024:0.734463','4024:0.707345','3022:0.439548','1024:0.423729','2024:0.419209','4017:0.418079','4022:0.400000','1022:0.370621','3017:0.354802','2022:0.332203','4:0.282486','3010:0.220339','2017:0.210169','1017:0.193220','3031:0.145763','4031:0.136723','43:0.128814','3035:0.114124','4035:0.076836','0:0.075706','2023:0.071186','3029:0.066667','2031:0.048588','251:0.047458','1031:0.047458','3028:0.045198','4010:0.038418','11:0.033898','4025:0.030508','4003:0.025989','2025:0.023729','31:0.022599','4029:0.021469','50:0.016949','4028:0.016949','1028:0.015819','253:0.014689','1023:0.013559','3025:0.013559','49:0.012429','63:0.012429','2028:0.012429','1029:0.010169','2029:0.010169','4018:0.010169','1010:0.009040','3003:0.009040','10:0.007910','1025:0.006780','4030:0.005650','2030:0.005650','2000:0.005650','24:0.003390','2:0.003390','2003:0.003390','3018:0.003390','1003:0.002260','1035:0.002260','1018:0.001130','3034:0.001130','3030:0.001130','1030:0.001130','2018:0.001130','1034:0.001130','2034:0.001130',
cluster_00412,
cluster_00413,
cluster_00414,
cluster_00415,
cluster_00416,
cluster_00417,
cluster_00418,
cluster_00419,
cluster_00420,
cluster_00421,
cluster_00422,
cluster_00423,
cluster_00424,
cluster_00425,
cluster_00426,
cluster_00427,
cluster_00428,
cluster_00429,
cluster_00430,
cluster_00431,
cluster_00432,
cluster_00433,
cluster_00434,
cluster_00435,
cluster_00436,
cluster_00437,
cluster_00438,'5001:0.914419','251:0.825116','3029:0.823256','5002:0.791628','3010:0.789767','4017:0.706047','4023:0.675349','4010:0.655814','4025:0.638140','3023:0.632558','1029:0.589767','4029:0.573023','3025:0.541395','2029:0.498605','3017:0.413023','2025:0.406512','1025:0.280000','252:0.208372','4022:0.187907','1022:0.168372','3022:0.166512','2022:0.163721','2017:0.116279','4:0.076279','4024:0.061395','0:0.044651','3031:0.029767','1017:0.029767','3024:0.024186','4031:0.016744','43:0.016744','2010:0.012093','2023:0.008372','1010:0.007442','31:0.007442','2024:0.005581','3035:0.004651','11:0.003721','1024:0.002791','1031:0.002791','2031:0.002791','41:0.001860','10:0.001860','1023:0.001860','1000:0.000930','4008:0.000930','63:0.000930','49:0.000930','2000:0.000930',
cluster_00439,
cluster_00440,
cluster_00441,'4023:0.987093','3023:0.968013','4017:0.918631','252:0.894501','3017:0.798541','5001:0.654882','2017:0.553311','5002:0.423120','3024:0.392256','1017:0.383277','3022:0.340067','3010:0.338945','4024:0.323232','1022:0.311448','4022:0.266554','3029:0.266554','2022:0.254209','4025:0.194725','3025:0.189675','2025:0.170034','1024:0.161055','1025:0.139731','2024:0.135802','251:0.124018','4:0.111672','2023:0.103255','4029:0.097082','1029:0.084736','0:0.081930','4010:0.079686','2029:0.050505','43:0.037598','1023:0.022447','3028:0.015713','4028:0.013468','31:0.009540','3031:0.009540','11:0.009540','2028:0.009540','50:0.005051','63:0.004489','41:0.002806','24:0.002806','10:0.002245','1010:0.001684','49:0.001684','77:0.001684','1000:0.001684','2:0.001122','2000:0.000561','3035:0.000561','253:0.000561','4031:0.000561','2010:0.000561',
cluster_00442,
cluster_00443,
cluster_00444,
cluster_00445,
cluster_00446,
cluster_00447,
cluster_00448,
cluster_00449,'251:0.995081','4010:0.945186','3010:0.933942','4025:0.928320','3025:0.859452','5001:0.769501','2025:0.668306','1025:0.617709','5002:0.593113','3029:0.557273','4029:0.447646','1029:0.444835','2029:0.427969','4023:0.089951','0:0.088545','3023:0.068869','4017:0.066058','2010:0.053408','3017:0.018271','1010:0.018271','2005:0.017569','1005:0.014758','3008:0.014055','1008:0.013352','4:0.006325','4005:0.006325','4008:0.005622','3005:0.005622','2023:0.005622','2017:0.004919','2022:0.004216','4022:0.004216','1023:0.004216','2000:0.003514','2008:0.003514','1000:0.002811','41:0.002108','2:0.002108','3022:0.001405','1021:0.001405','252:0.001405','1022:0.001405','49:0.000703','3031:0.000703','3035:0.000703','2031:0.000703','1031:0.000703','10:0.000703','4031:0.000703',
cluster_00450,
cluster_00451,
cluster_00452,
cluster_00453,
cluster_00454,
cluster_00455,
cluster_00456,
cluster_00457,'251:0.963434','5001:0.925278','3010:0.861685','4010:0.844197','5002:0.772655','3031:0.531002','4025:0.516693','1031:0.443561','3029:0.437202','4029:0.389507','4008:0.375199','3025:0.372019','4031:0.316375','2025:0.297297','2008:0.295707','3008:0.265501','2029:0.252782','1029:0.246423','4023:0.236884','2031:0.211447','3023:0.205087','4017:0.182830','1025:0.170111','1008:0.158983','0:0.090620','4:0.081081','3030:0.071542','2010:0.060413','1030:0.044515','3001:0.044515','3017:0.042925','4001:0.042925','1010:0.039746','3035:0.025437','4022:0.022258','252:0.022258','43:0.022258','4030:0.020668','2030:0.019078','2017:0.017488','2022:0.017488','2001:0.015898','1001:0.011129','2015:0.007949','1022:0.007949','31:0.007949','3022:0.006359','1015:0.004769','41:0.003180','4015:0.003180','2023:0.003180','2000:0.003180','1023:0.003180','2:0.003180','3015:0.001590','1000:0.001590','24:0.001590','2024:0.001590','4024:0.001590','10:0.001590','1017:0.001590','3034:0.001590','3011:0.001590',
cluster_00458,
cluster_00459,
cluster_00460,
cluster_00461,
cluster_00462,
cluster_00463,
cluster_00464,
cluster_00465,
cluster_00466,'5001:0.908362','4023:0.849943','5002:0.809851','3023:0.804124','3010:0.617411','252:0.565865','251:0.482245','4017:0.459336','4031:0.430699','3031:0.424971','3029:0.392898','3022:0.379152','1022:0.360825','2031:0.324170','4022:0.319588','1031:0.318442','4010:0.313860','3017:0.305842','2022:0.272623','4025:0.241695','4:0.213058','4024:0.213058','4029:0.207331','1029:0.186712','3024:0.177549','3025:0.177549','2029:0.158076','2025:0.158076','2017:0.144330','3035:0.123711','0:0.095074','1025:0.093929','1017:0.085911','43:0.082474','2023:0.049255','2024:0.044674','2030:0.032073','4030:0.030928','1024:0.027491','4008:0.027491','4035:0.019473','2010:0.019473','1030:0.018328','3030:0.017182','63:0.016037','4001:0.014891','1010:0.011455','1023:0.009164','3001:0.009164','31:0.008018','11:0.008018','49:0.005727','41:0.005727','50:0.005727','2000:0.004582','4003:0.003436','3008:0.003436','2001:0.003436','10:0.003436','1001:0.002291','2008:0.002291','2:0.002291','1000:0.002291','24:0.001145','2003:0.001145','1035:0.001145',
cluster_00467,
cluster_00468,
cluster_00469,'3023:0.941764','4023:0.941764','5001:0.826955','252:0.690516','5002:0.688852','3035:0.512479','4017:0.484193','3010:0.464226','4035:0.449251','3017:0.354409','251:0.316140','12:0.271215','1035:0.247920','51:0.236273','3024:0.221298','3029:0.211314','3022:0.204659','2017:0.198003','1022:0.191348','2035:0.188020','4025:0.186356','4024:0.181364','4010:0.181364','4022:0.171381','2022:0.154742','1017:0.151414','4029:0.148087','2025:0.139767','3025:0.121464','2023:0.116473','0:0.116473','4:0.113145','43:0.109817','2029:0.108153','1024:0.096506','1029:0.094842','2024:0.088186','4031:0.073211','1025:0.069884','3034:0.056572','52:0.053245','3018:0.043261','4034:0.043261','13:0.036606','3030:0.036606','1034:0.036606','1018:0.031614','2034:0.029950','1023:0.026622','1030:0.026622','28:0.021631','3031:0.021631','49:0.018303','50:0.018303','60:0.016639','2010:0.014975','2018:0.014975','4030:0.013311','2030:0.013311','1010:0.013311','4018:0.013311','63:0.013311','10:0.011647','11:0.011647','16:0.008319','31:0.004992','4012:0.004992','3015:0.004992','53:0.004992','4028:0.004992','2031:0.004992','3014:0.004992','4015:0.003328','2028:0.003328','1000:0.003328','2000:0.003328','17:0.003328','1031:0.003328','24:0.003328','1028:0.003328','18:0.003328','1015:0.001664','4007:0.001664','4001:0.001664','30:0.001664','1016:0.001664','54:0.001664','253:0.001664','2019:0.001664','1009:0.001664','2012:0.001664','1014:0.001664','4009:0.001664','2015:0.001664',
cluster_00470,
cluster_00471,
cluster_00472,
cluster_00473,
cluster_00474,
cluster_00475,
cluster_00476,'3010:0.802817','4023:0.795775','3023:0.794014','3025:0.751761','251:0.744718','4017:0.741197','4025:0.736796','5001:0.708627','2025:0.599472','4010:0.560739','3029:0.547535','1025:0.533451','3017:0.514085','5002:0.463028','1029:0.334507','4029:0.301056','252:0.279930','2029:0.258803','2017:0.198063','4022:0.147887','3022:0.138204','1022:0.137324','2022:0.132923','1017:0.091549','2023:0.062500','0:0.061620','4024:0.056338','3024:0.048415','2010:0.015845','2024:0.014085','4:0.013204','1010:0.013204','1023:0.012324','1024:0.004401','10:0.004401','2000:0.003521','31:0.003521','3031:0.003521','43:0.002641','41:0.002641','3035:0.001761','50:0.001761','24:0.000880','63:0.000880','2:0.000880','4031:0.000880','11:0.000880','77:0.000880',
cluster_00477,
cluster_00478,
cluster_00479,
cluster_00480,
cluster_00481,
cluster_00482,
cluster_00483,
cluster_00484,
cluster_00485,'4023:0.991506','3023:0.983579','252:0.983012','4017:0.877690','3017:0.774066','5001:0.690827','3024:0.594564','2017:0.563420','1024:0.494904','5002:0.437146','1017:0.424122','4024:0.411099','2024:0.396942','4:0.133069','3028:0.133069','4028:0.100227','2023:0.096829','3010:0.079275','2028:0.072480','0:0.051529','43:0.048698','1028:0.048131','1023:0.031144','3022:0.022650','1022:0.022084','2022:0.013590','253:0.013590','3025:0.013024','1025:0.011891','4022:0.009060','2025:0.009060','4025:0.007361','3029:0.006229','31:0.005663','2000:0.005096','4010:0.003398','11:0.003398','1000:0.003398','50:0.003398','63:0.003398','1029:0.002831','251:0.001699','10:0.001699','1010:0.001133','49:0.001133','41:0.001133','4029:0.001133','2029:0.000566','4003:0.000566','2:0.000566','77:0.000566',
cluster_00486,'251:0.963415','5001:0.923345','5002:0.817073','3010:0.794425','4010:0.778746','3029:0.660279','4025:0.613240','4029:0.554007','3025:0.451220','2025:0.409408','2029:0.386760','1029:0.360627','1025:0.310105','3008:0.285714','4023:0.280488','1008:0.268293','3031:0.254355','4017:0.240418','4008:0.210801','3023:0.179443','2008:0.179443','1031:0.172474','4031:0.113240','4:0.101045','0:0.080139','2031:0.055749','4022:0.052265','2022:0.047038','2010:0.047038','3017:0.036585','2017:0.033101','252:0.029617','1010:0.026132','1022:0.013937','3022:0.013937','43:0.010453','4024:0.010453','2023:0.008711','1023:0.003484','3035:0.003484','3009:0.001742','11:0.001742','2000:0.001742','31:0.001742','1000:0.001742','3001:0.001742','3030:0.001742','41:0.001742','3024:0.001742','2005:0.001742','49:0.001742',
cluster_00487,
cluster_00488,
cluster_00489,'5001:0.898569','251:0.848787','5002:0.798382','3010:0.795893','4010:0.660859','4023:0.470442','3023:0.445551','3029:0.425016','4031:0.390790','4030:0.388923','3030:0.365277','4025:0.359676','3025:0.344119','2030:0.318606','4001:0.304294','3001:0.302427','1029:0.272558','4029:0.252645','1030:0.240821','2025:0.229620','4017:0.224642','2029:0.209708','1025:0.201618','3031:0.187928','3017:0.175482','4015:0.169882','3015:0.166148','43:0.163659','2015:0.152458','3035:0.144991','4:0.144368','3009:0.136279','252:0.135034','1015:0.116366','4034:0.113255','0:0.103920','1022:0.096453','4035:0.095831','3022:0.091475','1009:0.076540','3034:0.066584','2010:0.064095','4009:0.059739','4022:0.049160','1010:0.047293','2022:0.046671','2001:0.041070','2031:0.035470','2023:0.034848','2009:0.034225','1001:0.034225','4008:0.033603','3024:0.028625','2017:0.028002','3007:0.025513','3008:0.021780','1031:0.019291','1017:0.018668','4024:0.018046','1023:0.017424','1008:0.017424','1034:0.016179','2008:0.014935','4007:0.013690','3013:0.011823','63:0.011823','31:0.010579','2034:0.009956','41:0.008090','1024:0.007467','10:0.006223','4013:0.006223','2024:0.005600','11:0.004978','1000:0.004978','2000:0.004356','50:0.003734','24:0.003734','4016:0.003111','49:0.002489','3016:0.002489','2:0.001867','1007:0.001867','1035:0.001867','2035:0.001867','1005:0.001867','77:0.001245','4028:0.000622','4003:0.000622','8:0.000622','4011:0.000622','2003:0.000622','2005:0.000622','1021:0.000622',
cluster_00490,
cluster_00491,
cluster_00492,
cluster_00493,
cluster_00494,
cluster_00495,
cluster_00496,
cluster_00497,
cluster_00498,
cluster_00499,
cluster_00500,
cluster_00501,
cluster_00502,
cluster_00503,
cluster_00504,
cluster_00505,
cluster_00506,
cluster_00507,
cluster_00508,
cluster_00509,
cluster_00510,
cluster_00511,
cluster_00512,
cluster_00513,
cluster_00514,
cluster_00515,
cluster_00516,
cluster_00517,
cluster_00518,
cluster_00519,
cluster_00520,'7:1.000000','16:1.000000','46:1.000000','47:0.979310','8:0.956897','0:0.050000','1013:0.013793','2013:0.005172','15:0.003448','2011:0.003448','1007:0.001724','1021:0.001724','2007:0.001724','3013:0.001724','3021:0.001724','4007:0.001724',
cluster_00521,
cluster_00522,
cluster_00523,'7:1.000000','16:1.000000','46:1.000000','8:0.992958','47:0.989437','0:0.069249','2009:0.002347','1007:0.001174',
cluster_00524,
cluster_00525,
cluster_00526,'7:1.000000','16:1.000000','46:1.000000','47:0.991150','8:0.989381','0:0.153982','2013:0.014159','2011:0.010619','1007:0.007080','2007:0.007080','1011:0.005310','1013:0.005310','4007:0.003540','4013:0.003540','4011:0.001770','15:0.001770','3007:0.001770','3011:0.001770',
cluster_00527,
cluster_00528,
cluster_00529,
cluster_00530,
cluster_00531,
cluster_00532,
cluster_00533,
cluster_00534,
cluster_00535,
cluster_00536,
cluster_00537,
cluster_00538,
cluster_00539,
cluster_00540,
cluster_00541,
cluster_00542,
cluster_00543,
cluster_00544,'7:1.000000','16:1.000000','46:0.997573','47:0.963592','8:0.956311','0:0.165049','2013:0.004854','4013:0.004854','1007:0.002427','1009:0.002427','2009:0.002427','2011:0.002427','4009:0.002427','4011:0.002427',
cluster_00545,
cluster_00546,'7:1.000000','8:1.000000','16:1.000000','46:1.000000','47:0.995652','0:0.071739','1007:0.010870','15:0.008696','1011:0.006522','1013:0.004348','2011:0.004348','2013:0.004348','3007:0.002174','3013:0.002174','4013:0.002174',
cluster_00547,
cluster_00548,
cluster_00549,
cluster_00550,'7:1.000000','16:1.000000','46:1.000000','8:0.995556','47:0.991111','0:0.063704','1007:0.001481','3007:0.001481',
cluster_00551,
cluster_00552,
cluster_00553,
cluster_00554,
cluster_00555,
cluster_00556,
cluster_00557,
cluster_00558,
cluster_00559,
cluster_00560,
cluster_00561,
cluster_00562,
cluster_00563,
cluster_00564,
cluster_00565,
cluster_00566,
cluster_00567,
cluster_00568,
cluster_00569,
cluster_00570,
cluster_00571,
cluster_00572,
cluster_00573,
cluster_00574,
cluster_00575,
cluster_00576,
cluster_00577,'5001:0.965402','255:0.925223','5002:0.907366','3027:0.876116','4027:0.776786','4002:0.695312','1027:0.659598','2027:0.642857','3002:0.455357','4028:0.385045','3028:0.262277','2028:0.232143','3020:0.226562','1028:0.197545','4:0.196429','4020:0.147321','43:0.123884','1020:0.120536','4026:0.104911','3026:0.101562','254:0.099330','2020:0.089286','0:0.074777','3018:0.044643','11:0.035714','1018:0.026786','63:0.024554','50:0.021205','3010:0.020089','4019:0.017857','3012:0.016741','3035:0.015625','4018:0.015625','2019:0.014509','4012:0.012277','3019:0.012277','1019:0.012277','4035:0.008929','31:0.008929','2018:0.007812','2002:0.007812','4003:0.005580','72:0.005580','1035:0.004464','1012:0.004464','3023:0.004464','3014:0.002232','2035:0.002232','2026:0.002232','1026:0.002232','3003:0.002232','2012:0.001116','2:0.001116','1000:0.001116',
cluster_00578,'4002:0.948940','4028:0.894027','3002:0.867052','255:0.815992','3028:0.809249','5001:0.777457','2028:0.776493','1028:0.706166','3027:0.582852','5002:0.552987','4027:0.363198','1027:0.262042','254:0.224470','2027:0.224470','3026:0.080925','4026:0.052023','0:0.044316','4:0.027938','2002:0.024085','1026:0.011561','3023:0.011561','43:0.009634','2026:0.007707','3010:0.007707','1002:0.006744','4003:0.005780','63:0.003854','1000:0.002890','2000:0.002890','50:0.001927','3003:0.001927','11:0.001927','2003:0.001927','3035:0.000963','1003:0.000963','31:0.000963','3020:0.000963',
cluster_00579,
cluster_00580,
cluster_00581,
cluster_00582,
cluster_00583,'255:0.994863','5001:0.875000','4028:0.812500','3027:0.738014','4026:0.733733','3028:0.681507','5002:0.666952','2028:0.638699','3026:0.602740','1028:0.583904','4027:0.579623','1027:0.425514','4002:0.407534','2027:0.357021','3002:0.170377','4014:0.091610','0:0.053938','4:0.043664','3014:0.033390','2032:0.016267','63:0.014555','3010:0.012842','43:0.011986','4032:0.011130','4012:0.010274','2002:0.009418','3012:0.009418','1026:0.009418','2014:0.007705','3023:0.007705','3032:0.007705','50:0.007705','2026:0.006849','1032:0.004281','11:0.002568','3020:0.002568','254:0.002568','31:0.002568','1014:0.002568','4019:0.002568','3019:0.001712','1012:0.001712','2019:0.000856','2000:0.000856','1000:0.000856','1019:0.000856',
cluster_00584,
cluster_00585,
cluster_00586,
cluster_00587,
cluster_00588,'255:0.996403','4014:0.953237','4026:0.936151','3026:0.860612','3014:0.805755','5001:0.724820','3027:0.507194','2032:0.502698','5002:0.432554','2014:0.421763','1032:0.419964','3012:0.379496','4032:0.366007','3032:0.334532','3028:0.292266','4028:0.290468','4027:0.255396','1014:0.249101','2028:0.243705','1028:0.216727','4012:0.198741','1027:0.167266','2027:0.115108','1012:0.068345','4:0.032374','0:0.027878','4002:0.026978','2012:0.023381','11:0.020683','50:0.019784','43:0.013489','3010:0.011691','2026:0.009892','31:0.008993','4035:0.007194','1026:0.004496','254:0.004496','3035:0.003597','3019:0.002698','2:0.002698','2000:0.002698','63:0.002698','1000:0.001799','41:0.000899','1019:0.000899','3002:0.000899',
cluster_00589,
cluster_00590,
cluster_00591,
cluster_00592,'255:0.993619','4028:0.839562','5001:0.821331','4002:0.793072','3028:0.711030','3027:0.691887','2028:0.691887','5002:0.628077','1028:0.614403','3002:0.537830','4027:0.454877','3026:0.411121','1027:0.372835','4026:0.339107','2027:0.305378','0:0.062899','4:0.048314','3010:0.020055','1026:0.019143','2002:0.016408','2026:0.012762','43:0.010027','254:0.006381','11:0.005469','63:0.005469','3023:0.004558','3014:0.004558','3020:0.003646','1000:0.002735','72:0.001823','1014:0.001823','2000:0.001823','3012:0.001823','2032:0.000912','1002:0.000912','4012:0.000912','4014:0.000912','41:0.000912','1032:0.000912',
cluster_00593,
cluster_00594,
cluster_00595,
cluster_00596,
cluster_00597,
cluster_00598,'5001:0.947090','4002:0.848677','5002:0.844444','3027:0.739683','3002:0.693122','4027:0.658201','1027:0.569312','2027:0.542857','254:0.528042','4028:0.526984','255:0.526984','3028:0.456085','2028:0.379894','1028:0.348148','4:0.134392','43:0.082540','3020:0.067725','4020:0.058201','0:0.051852','4003:0.047619','3018:0.040212','3003:0.039153','11:0.032804','1020:0.029630','50:0.027513','1018:0.025397','2020:0.025397','4018:0.025397','1003:0.025397','2003:0.019048','4035:0.015873','3010:0.015873','3035:0.014815','2002:0.013757','4026:0.012698','31:0.011640','3023:0.011640','3026:0.010582','1002:0.008466','2018:0.006349','63:0.005291','1026:0.004233','1000:0.002116','2000:0.001058','3012:0.001058','2035:0.001058','1035:0.001058','2026:0.001058',
cluster_00599,
cluster_00600,
cluster_00601,
cluster_00602,'4002:0.948819','4028:0.944882','3002:0.921260','3028:0.874016','254:0.751969','2028:0.653543','1028:0.527559','3027:0.503937','5001:0.472441','4027:0.354331','1027:0.338583','2002:0.263780','5002:0.259843','0:0.248031','255:0.216535','2027:0.188976','3026:0.161417','4014:0.137795','3012:0.114173','3014:0.106299','1002:0.098425','4026:0.094488','2014:0.090551','4012:0.074803','4032:0.070866','4:0.059055','1014:0.059055','2032:0.059055','3003:0.055118','2012:0.051181','3023:0.043307','3032:0.039370','2000:0.039370','11:0.035433','1032:0.035433','1012:0.035433','1000:0.023622','43:0.019685','1026:0.019685','2026:0.015748','50:0.015748','2003:0.011811','31:0.011811','3010:0.007874','41:0.007874','63:0.007874','4003:0.007874','3035:0.003937','3020:0.003937','72:0.003937','253:0.003937','1003:0.003937',
cluster_00603,
cluster_00604,
cluster_00605,
cluster_00606,
cluster_00607,
cluster_00608,
cluster_00609,
cluster_00610,
cluster_00611,
cluster_00612,
cluster_00613,
cluster_00614,
cluster_00615,'255:0.985915','4026:0.928169','4014:0.887324','3026:0.884507','3014:0.760563','3012:0.607042','5001:0.571831','2014:0.542254','4012:0.425352','5002:0.411268','1014:0.390141','2032:0.254930','3027:0.238028','1012:0.208451','4032:0.197183','1032:0.174648','4027:0.161972','1027:0.136620','3032:0.135211','2012:0.130986','11:0.116901','50:0.107042','2027:0.095775','4:0.076056','4028:0.071831','0:0.071831','3028:0.067606','1028:0.066197','2026:0.052113','2028:0.050704','1026:0.045070','3019:0.025352','254:0.025352','3035:0.023944','43:0.022535','1019:0.018310','2000:0.012676','31:0.012676','4002:0.012676','3010:0.012676','4035:0.011268','63:0.011268','26:0.008451','58:0.004225','4019:0.004225','41:0.002817','2019:0.002817','2033:0.002817','1000:0.001408',
cluster_00616,
cluster_00617,
cluster_00618,
cluster_00619,
cluster_00620,
cluster_00621,'5002:0.989311','5001:0.989311','255:0.769596','3027:0.737530','4027:0.698337','4002:0.638955','3020:0.549881','4020:0.539192','3002:0.445368','1027:0.440618','2020:0.422803','2027:0.397862','1020:0.325416','4:0.296912','3018:0.294537','254:0.266033','4018:0.225653','43:0.204276','1018:0.198337','4035:0.147268','4028:0.111639','2018:0.100950','3028:0.084323','0:0.061758','3035:0.059382','50:0.058195','11:0.048694','63:0.042755','1028:0.041568','3026:0.041568','2028:0.039192','4012:0.039192','4026:0.039192','4019:0.034442','2019:0.028504','31:0.026128','3012:0.026128','3010:0.023753','1035:0.022565','1019:0.017815','2035:0.016627','3019:0.015439','2012:0.010689','1012:0.009501','3023:0.007126','4003:0.005938','2002:0.004751','3003:0.003563','72:0.003563','51:0.002375','1026:0.002375','1002:0.001188','2000:0.001188',
cluster_00622,
cluster_00623,
cluster_00624,'5001:0.974438','255:0.974438','5002:0.918200','3027:0.819018','4027:0.712679','1027:0.574642','2027:0.548057','4002:0.406953','4026:0.389571','4028:0.339468','3026:0.311861','3020:0.231084','3028:0.209611','4:0.204499','2028:0.197342','4020:0.189162','1028:0.152352','3002:0.152352','1020:0.146217','3012:0.132924','2020:0.124744','43:0.118609','4019:0.097137','4012:0.095092','3019:0.076687','63:0.069530','1019:0.064417','2019:0.064417','0:0.055215','50:0.032720','11:0.030675','1012:0.025562','3035:0.021472','254:0.020450','4014:0.019427','4035:0.016360','2012:0.014315','3018:0.013292','2002:0.012270','1035:0.010225','31:0.010225','3010:0.010225','3014:0.008180','1018:0.008180','4018:0.008180','1026:0.007157','2018:0.006135','2026:0.006135','2035:0.005112','72:0.003067','1002:0.003067','2032:0.003067','2000:0.003067','1000:0.002045','3023:0.002045','1014:0.002045','1032:0.002045','4032:0.002045','3032:0.002045','2014:0.002045','4003:0.001022','3003:0.001022','41:0.001022','12:0.001022',
cluster_00625,
cluster_00626,
cluster_00627,
cluster_00628,'5001:1.000000','5002:0.995754','254:0.843949','4002:0.784501','3027:0.693206','4027:0.653928','3018:0.562633','3002:0.540340','4018:0.503185','1018:0.466030','1027:0.405520','2027:0.397028','4020:0.380042','3020:0.359873','2018:0.343949','4:0.336518','2020:0.276008','4035:0.199575','43:0.187898','255:0.176221','1020:0.165605','3035:0.154989','3003:0.123142','11:0.092357','4003:0.087049','4028:0.063694','50:0.058386','0:0.056263','3028:0.033970','2003:0.029724','3023:0.024416','3010:0.016985','1003:0.016985','1035:0.013800','31:0.007431','4024:0.006369','63:0.005308','2024:0.004246','2002:0.004246','2035:0.003185','4026:0.003185','1002:0.003185','2030:0.002123','51:0.001062','1024:0.001062','1012:0.001062','1019:0.001062','3024:0.001062','2000:0.001062','3019:0.001062','3012:0.001062','4012:0.001062','2028:0.001062',
cluster_00629,
cluster_00630,
cluster_00631,
cluster_00632,
cluster_00633,
cluster_00634,'255:0.961977','4026:0.882129','3026:0.878327','4014:0.749049','3014:0.657795','3012:0.608365','2014:0.498099','4012:0.437262','1012:0.387833','5001:0.361217','5002:0.296578','1014:0.281369','2012:0.239544','11:0.197719','50:0.129278','4027:0.098859','4:0.095057','2027:0.091255','3027:0.087452','2026:0.068441','0:0.064639','254:0.064639','43:0.049430','1027:0.041825','26:0.041825','58:0.041825','1026:0.038023','4028:0.034221','3010:0.034221','1028:0.030418','4002:0.030418','2032:0.026616','2000:0.026616','3028:0.022814','3035:0.019011','3019:0.019011','1019:0.015209','2028:0.015209','4032:0.015209','4035:0.015209','63:0.011407','2:0.007605','1032:0.007605','1000:0.003802','3032:0.003802',
cluster_00635,
cluster_00636,
cluster_00637,
cluster_00638,
cluster_00639,
cluster_00640,
cluster_00641,
cluster_00642,
cluster_00643,
cluster_00644,
cluster_00645,
cluster_00646,'255:0.998821','5001:0.968160','5002:0.910377','3027:0.847877','4027:0.718160','1027:0.574292','4026:0.564858','2027:0.551887','3026:0.350236','4028:0.313679','3012:0.259434','3019:0.232311','3028:0.229953','4019:0.213443','4012:0.209906','2028:0.185142','4002:0.180425','4014:0.178066','1028:0.176887','1019:0.175708','2019:0.153302','4:0.152123','3020:0.094340','43:0.073113','4020:0.060142','3014:0.060142','0:0.054245','2032:0.045991','3002:0.045991','1020:0.044811','4032:0.042453','63:0.042453','50:0.041274','2014:0.037736','2020:0.028302','1032:0.022406','2012:0.018868','3010:0.017689','1012:0.015330','11:0.015330','1014:0.014151','31:0.011792','3032:0.010613','2026:0.010613','1026:0.009434','1000:0.002358','3023:0.002358','72:0.002358','4035:0.001179','12:0.001179','1035:0.001179','58:0.001179','254:0.001179','3035:0.001179','2002:0.001179','2000:0.001179',
cluster_00647,
cluster_00648,
cluster_00649,
cluster_00650,
cluster_00651,
cluster_00652,
cluster_00653,
cluster_00654,'255:0.992076','5001:0.920761','5002:0.898574','3012:0.868463','4026:0.846276','4012:0.811410','3026:0.808241','1012:0.608558','2012:0.450079','4:0.171157','2019:0.156894','43:0.137876','4035:0.126783','4014:0.125198','1019:0.123613','4019:0.118859','3020:0.117274','3019:0.117274','4020:0.110935','4002:0.106181','3035:0.099842','50:0.098257','0:0.096672','11:0.096672','2035:0.090333','3014:0.074485','1035:0.061807','3027:0.057052','4027:0.055468','1030:0.053883','2020:0.052298','63:0.042789','31:0.028526','1020:0.026941','51:0.026941','2014:0.026941','3002:0.026941','26:0.023772','3030:0.020602','58:0.019017','254:0.015848','3010:0.014263','2027:0.014263','1027:0.012678','4028:0.012678','12:0.012678','2030:0.011094','2026:0.011094','1014:0.011094','2000:0.009509','1026:0.009509','2018:0.006339','1000:0.006339','1033:0.006339','41:0.004754','4018:0.004754','2028:0.003170','4030:0.003170','2:0.003170','3028:0.001585','3015:0.001585','2015:0.001585','1018:0.001585','3033:0.001585','3018:0.001585',
cluster_00655,
cluster_00656,
cluster_00657,
cluster_00658,
cluster_00659,'251:0.914603','5001:0.898377','3010:0.774552','4010:0.772844','5002:0.732707','4025:0.533732','3025:0.395389','3030:0.379163','3007:0.353544','4029:0.323655','2025:0.316823','3029:0.315969','3015:0.303160','4:0.286934','2029:0.274979','3009:0.259607','43:0.239966','1025:0.236550','4035:0.236550','4030:0.233988','3035:0.212639','1029:0.205807','4007:0.179334','4015:0.170794','31:0.164816','4009:0.163108','4023:0.161401','0:0.160547','1030:0.157131','63:0.153715','53:0.146883','1015:0.138343','3023:0.137489','4017:0.135781','3013:0.132365','17:0.122972','2010:0.118702','2015:0.116994','2030:0.116140','1009:0.109308','1033:0.102477','3016:0.101623','41:0.099061','3001:0.090521','1007:0.085397','3033:0.081981','2009:0.076857','4016:0.071734','2033:0.070026','1010:0.066610','51:0.064902','4001:0.064048','2035:0.064048','1035:0.062340','4031:0.059778','12:0.058924','4033:0.054654','3006:0.053800','10:0.051238','3017:0.050384','2:0.049530','4008:0.039283','4013:0.039283','44:0.039283','252:0.038429','2007:0.037575','49:0.035867','2008:0.033305','4006:0.031597','3031:0.031597','54:0.029035','3034:0.028181','5:0.025619','3008:0.025619','18:0.023911','4022:0.023057','28:0.023057','60:0.022203','4034:0.022203','3014:0.019641','4012:0.017933','1008:0.017933','2022:0.017079','2000:0.016225','13:0.014518','2006:0.014518','1006:0.013664','2012:0.012810','1000:0.012810','1022:0.011956','3022:0.011102','52:0.011102','2023:0.010248','1014:0.010248','2017:0.008540','24:0.008540','1012:0.008540','30:0.007686','1017:0.007686','3012:0.006832','26:0.005978','58:0.005978','1023:0.005124','1016:0.005124','4024:0.005124','50:0.005124','2016:0.005124','1005:0.004270','3024:0.003416','62:0.003416','85:0.003416','253:0.002562','2005:0.002562','11:0.002562','2019:0.001708','2031:0.001708','3005:0.001708','1031:0.001708','1013:0.001708','1021:0.000854','3020:0.000854','4005:0.000854','2024:0.000854','2013:0.000854','2014:0.000854','4020:0.000854','4014:0.000854','2021:0.000854','4011:0.000854','3011:0.000854',
cluster_00660,
cluster_00661,
cluster_00662,
cluster_00663,
cluster_00664,'255:0.998908','4026:0.918122','5001:0.824236','3026:0.792576','4028:0.775109','3028:0.756550','3027:0.716157','1028:0.636463','2028:0.603712','4014:0.576419','5002:0.554585','4027:0.530568','3014:0.381004','1027:0.241266','2027:0.233624','2032:0.212882','4032:0.181223','1032:0.149563','3032:0.110262','4002:0.090611','2014:0.070961','3012:0.055677','4012:0.045852','3002:0.041485','0:0.027293','1014:0.027293','2026:0.016376','4:0.008734','3010:0.008734','1012:0.005459','50:0.005459','31:0.004367','2012:0.003275','3023:0.003275','63:0.003275','1000:0.002183','2000:0.002183','43:0.002183','1026:0.001092','41:0.001092','11:0.001092','4035:0.001092',
cluster_00665,
cluster_00666,
cluster_00667,
cluster_00668,
cluster_00669,
cluster_00670,
cluster_00671,'255:0.997745','5001:0.940248','3027:0.834273','5002:0.799324','4026:0.720406','4027:0.675310','1027:0.621195','4014:0.528749','3026:0.528749','2027:0.521984','4028:0.481398','3028:0.338219','2028:0.294250','1028:0.272830','3014:0.217587','3012:0.206313','2032:0.143179','4012:0.138670','4032:0.103720','4:0.098083','1032:0.085682','2014:0.080045','4002:0.065389','3032:0.064262','3019:0.063134','0:0.063134','50:0.037204','43:0.031567','63:0.027057','4019:0.027057','1019:0.025930','11:0.024803','31:0.021421','3002:0.019166','1014:0.019166','1012:0.018038','3010:0.015784','2019:0.010147','1026:0.007892','2026:0.006764','2012:0.006764','3020:0.004510','1000:0.003382','254:0.002255','3035:0.001127','2000:0.001127','3023:0.001127','4035:0.001127','1020:0.001127','72:0.001127',
cluster_00672,
cluster_00673,
cluster_00674,
cluster_00675,
cluster_00676,
cluster_00677,
cluster_00678,
cluster_00679,
cluster_00680,
cluster_00681,
cluster_00682,
cluster_00683,
cluster_00684,'5001:0.969208','251:0.951613','5002:0.909091','4010:0.601173','3035:0.590909','3012:0.587977','3010:0.561584','4025:0.526393','3007:0.470674','3030:0.434018','4:0.423754','4035:0.409091','4012:0.378299','2025:0.354839','3025:0.346041','3027:0.329912','12:0.328446','4029:0.303519','3014:0.302053','51:0.299120','1027:0.291789','3029:0.280059','2029:0.253666','3013:0.253666','4027:0.252199','4030:0.228739','43:0.224340','2027:0.222874','3015:0.212610','1025:0.208211','4007:0.193548','1029:0.183284','1012:0.167155','4016:0.161290','0:0.142229','3016:0.134897','4013:0.118768','4015:0.115836','4014:0.112903','1032:0.101173','62:0.099707','4023:0.098240','63:0.093842','2012:0.092375','1014:0.089443','31:0.087977','2035:0.083578','4017:0.082111','3009:0.080645','2032:0.079179','41:0.064516','4008:0.063050','4019:0.061584','3023:0.061584','4032:0.057185','1035:0.055718','2014:0.055718','53:0.052786','4031:0.049853','3026:0.048387','3032:0.048387','3008:0.045455','2008:0.043988','3019:0.042522','2019:0.041056','3020:0.039589','252:0.039589','30:0.038123','3001:0.036657','4001:0.035191','4009:0.033724','1028:0.030792','1008:0.029326','1019:0.029326','3028:0.027859','3017:0.026393','3031:0.024927','2:0.024927','2010:0.024927','4020:0.024927','1020:0.021994','17:0.020528','4022:0.019062','3034:0.019062','1010:0.019062','4026:0.017595','1022:0.017595','1026:0.017595','3022:0.016129','2022:0.014663','50:0.013196','4028:0.013196','2028:0.013196','2026:0.011730','2000:0.011730','1031:0.010264','4034:0.010264','2020:0.008798','5:0.007331','2005:0.007331','49:0.005865','4024:0.005865','2031:0.005865','2017:0.004399','4033:0.004399','1030:0.004399','24:0.004399','255:0.004399','3011:0.004399','3024:0.004399','1005:0.002933','77:0.002933','58:0.002933','2030:0.002933','60:0.002933','4005:0.002933','54:0.002933','1002:0.001466','254:0.001466','3002:0.001466','13:0.001466','3005:0.001466','44:0.001466','28:0.001466','2024:0.001466','2023:0.001466','1000:0.001466','1007:0.001466','1017:0.001466','10:0.001466','2013:0.001466','2007:0.001466','52:0.001466','1023:0.001466','18:0.001466',
cluster_00685,
cluster_00686,
cluster_00687,
cluster_00688,
cluster_00689,
cluster_00690,
cluster_00691,
cluster_00692,
cluster_00693,
cluster_00694,
cluster_00695,
cluster_00696,
cluster_00697,
cluster_00698,
cluster_00699,
cluster_00700,
cluster_00701,
cluster_00702,
cluster_00703,'5002:1.000000','5001:0.993521','251:0.982721','3007:0.747300','4:0.676026','3035:0.617711','3012:0.576674','4010:0.576674','3010:0.570194','3030:0.570194','43:0.563715','4035:0.481641','4007:0.440605','4015:0.423326','3013:0.410367','3009:0.403888','3027:0.384449','4030:0.375810','3015:0.373650','4009:0.360691','4012:0.358531','1027:0.354212','51:0.354212','4027:0.291577','12:0.278618','3014:0.269978','2027:0.265659','4001:0.237581','63:0.235421','2009:0.235421','4013:0.224622','4016:0.211663','1009:0.211663','2015:0.187905','31:0.187905','1012:0.168467','3001:0.161987','3016:0.142549','4025:0.112311','0:0.105832','1015:0.101512','4031:0.099352','53:0.097192','3025:0.086393','4008:0.077754','2030:0.073434','3020:0.071274','2012:0.071274','62:0.071274','2032:0.069114','4014:0.062635','41:0.060475','3008:0.060475','3019:0.058315','4019:0.058315','2035:0.056156','17:0.049676','1032:0.049676','4032:0.049676','1014:0.047516','1007:0.045356','4034:0.043197','1035:0.043197','1030:0.041037','2019:0.038877','4028:0.038877','3031:0.034557','4023:0.030238','2:0.030238','2010:0.030238','4020:0.028078','3026:0.028078','1019:0.028078','2028:0.028078','1020:0.025918','3011:0.025918','252:0.023758','4011:0.023758','1028:0.023758','3032:0.023758','2007:0.021598','4026:0.021598','2014:0.019438','3028:0.019438','50:0.017279','3034:0.017279','3006:0.015119','1026:0.015119','2011:0.012959','2001:0.012959','8:0.012959','1001:0.012959','3023:0.012959','2031:0.010799','60:0.010799','30:0.010799','5:0.010799','52:0.008639','49:0.008639','2026:0.008639','2000:0.008639','44:0.006479','1010:0.006479','2008:0.006479','1031:0.004320','1013:0.004320','24:0.004320','28:0.004320','47:0.004320','1016:0.004320','2016:0.004320','16:0.002160','2006:0.002160','7:0.002160','3033:0.002160','2020:0.002160','58:0.002160','4033:0.002160','1006:0.002160','1000:0.002160','10:0.002160',
cluster_00704,
cluster_00705,
cluster_00706,
cluster_00707,
cluster_00708,
cluster_00709,
cluster_00710,
cluster_00711,
cluster_00712,
cluster_00713,
cluster_00714,
cluster_00715,
cluster_00716,
cluster_00717,
cluster_00718,
cluster_00719,
cluster_00720,
cluster_00721,
cluster_00722,
cluster_00723,
cluster_00724,
cluster_00725,
cluster_00726,
cluster_00727,
cluster_00728,
cluster_00729,
cluster_00730,
cluster_00731,
cluster_00732,
cluster_00733,
cluster_00734,
cluster_00735,
cluster_00736,
cluster_00737,
cluster_00738,
cluster_00739,
cluster_00740,
cluster_00741,
cluster_00742,
cluster_00743,
cluster_00744,
cluster_00745,
cluster_00746,
cluster_00747,
cluster_00748,
cluster_00749,
cluster_00750,
cluster_00751,
cluster_00752,
cluster_00753,
cluster_00754,
cluster_00755,
cluster_00756,
cluster_00757,
cluster_00758,
cluster_00759,
cluster_00760,
cluster_00761,
cluster_00762,
cluster_00763,
cluster_00764,
cluster_00765,
cluster_00766,
cluster_00767,
cluster_00768,
cluster_00769,
cluster_00770,
cluster_00771,
cluster_00772,
cluster_00773,
cluster_00774,
cluster_00775,
cluster_00776,
cluster_00777,
cluster_00778,
cluster_00779,
cluster_00780,
cluster_00781,
cluster_00782,'251:1.000000','5001:0.922141','5002:0.919708','4010:0.618005','3010:0.588808','4035:0.530414','4025:0.472019','4:0.469586','51:0.469586','3035:0.469586','3025:0.464720','43:0.462287','3012:0.452555','3007:0.447689','4012:0.447689','4027:0.435523','3030:0.377129','3027:0.372263','2027:0.369830','4007:0.367397','4013:0.340633','1027:0.328467','12:0.296837','3029:0.282238','4030:0.272506','3013:0.260341','4029:0.236010','3015:0.221411','4016:0.216545','3014:0.206813','4015:0.199513','3008:0.192214','4008:0.170316','1029:0.158151','2029:0.153285','62:0.150852','1025:0.143552','2025:0.136253','3009:0.133820','2008:0.133820','0:0.131387','63:0.131387','1008:0.126521','31:0.116788','4019:0.092457','3020:0.082725','3016:0.075426','3011:0.072993','3005:0.068127','2032:0.065693','4001:0.063260','4014:0.060827','3019:0.060827','4011:0.060827','4028:0.058394','2028:0.058394','3021:0.055961','1028:0.055961','1032:0.055961','1012:0.055961','4020:0.053528','3028:0.053528','4021:0.053528','4009:0.053528','2012:0.053528','2019:0.053528','41:0.053528','2005:0.051095','53:0.048662','4005:0.048662','2:0.046229','1011:0.046229','1019:0.041363','4032:0.034063','2011:0.034063','3001:0.029197','3032:0.026764','1010:0.026764','1005:0.026764','2010:0.024331','1020:0.021898','1035:0.019465','1007:0.019465','2035:0.019465','2007:0.017032','3031:0.014599','4026:0.014599','1031:0.012165','2013:0.012165','30:0.012165','2020:0.012165','1021:0.012165','2021:0.009732','4031:0.009732','17:0.009732','1009:0.009732','1014:0.009732','8:0.009732','50:0.009732','3026:0.009732','4033:0.007299','3023:0.007299','1013:0.007299','2015:0.004866','3034:0.004866','2000:0.004866','4034:0.004866','1026:0.004866','52:0.004866','2014:0.004866','5:0.004866','2001:0.002433','1030:0.002433','58:0.002433','10:0.002433','11:0.002433','4023:0.002433','1000:0.002433','2009:0.002433','2026:0.002433',
cluster_00783,
cluster_00784,
cluster_00785,
cluster_00786,
cluster_00787,
cluster_00788,
cluster_00789,
cluster_00790,
cluster_00791,
cluster_00792,
cluster_00793,
cluster_00794,
cluster_00795,
cluster_00796,
cluster_00797,
cluster_00798,
cluster_00799,
cluster_00800,
